Workbook

Sheet Detailed BOQ
A1: DETAILED BILL OF QUANTITIES FOR UNITY PARK EXPANSION PHASE 2
A3: Item No | B3: Description | C3: Unit | D3: Quantity | E3: Rate | F3: Amount
A4: A | B4: SUB STRUCTURE
A5: 1.1 | B5: Excavation & Earth Work | C5: m3 | D5: 500 | E5: 150 | F5: =D5*E5 -> 0
A6: 1.2 | B6: Masonry Work | C6: m3 | D6: 200 | E6: 1200 | F6: =D6*E6 -> 0
A7: 1.3 | B7: Concrete Work (C25) | C7: m3 | D7: 150 | E7: 4500 | F7: =D7*E7 -> 0
B8: TOTAL CARRIED TO SUMMARY (SUB STRUCTURE) | F8: =SUM(F5:F7) -> 0
A10: B | B10: SUPER STRUCTURE
A11: 2.1 | B11: Concrete Work | C11: m3 | D11: 300 | E11: 4800 | F11: =D11*E11 -> 0
A12: 2.2 | B12: Block Work | C12: m2 | D12: 1200 | E12: 350 | F12: =D12*E12 -> 0
A13: 2.3 | B13: Carpentry & Joinery | C13: pcs | D13: 50 | E13: 2500 | F13: =D13*E13 -> 0
A14: 2.4 | B14: Roofing Work | C14: m2 | D14: 800 | E14: 600 | F14: =D14*E14 -> 0
A15: 2.5 | B15: Metal Work | C15: kg | D15: 5000 | E15: 95 | F15: =D15*E15 -> 0
A16: 2.6 | B16: Glazing Work | C16: m2 | D16: 120 | E16: 1800 | F16: =D16*E16 -> 0
A17: 2.7 | B17: Flooring Work | C17: m2 | D17: 900 | E17: 450 | F17: =D17*E17 -> 0
A18: 2.8 | B18: Finishing Work | C18: m2 | D18: 2000 | E18: 250 | F18: =D18*E18 -> 0
A19: 2.9 | B19: Electrical Installation | C19: LS | D19: 1 | E19: 150000 | F19: =D19*E19 -> 0
B20: TOTAL CARRIED TO SUMMARY (SUPER STRUCTURE) | F20: =SUM(F11:F19) -> 0

Sheet BOQ Summary
A1: SUMMARY OF BILL OF QUANTITIES FOR UNITY PARK EXPANSION PHASE 2
A3: Item No | B3: Description | C3: Unit | D3: Quantity | E3: Rate | F3: Amount
A4: A | B4: SUB STRUCTURE | C4: Sum | F4: ='Detailed BOQ'!F8 -> 0
A5: B | B5: SUPER STRUCTURE | C5: Sum | F5: ='Detailed BOQ'!F20 -> 0
E7: Total (A+B) | F7: =F4+F5 -> 0
E8: VAT (15%) | F8: =F7*0.15 -> 0
E9: TOTAL WITH VAT | F9: =F7+F8 -> 0

Sheet Grand Summary
A1: GRAND SUMMARY FOR UNITY PARK EXPANSION PHASE 2 PROJECT
A3: Item No | B3: Description | C3: Unit | D3: Amount (Birr)
A4: 1 | B4: Unity Park Expansion Phase 2 (Build Project) | C4: LS | D4: ='BOQ Summary'!F7 -> 0
B6: Total without VAT | D6: ='BOQ Summary'!F7 -> 0
B7: VAT (15%) | D7: ='BOQ Summary'!F8 -> 0
B8: TOTAL WITH VAT (15%) | D8: ='BOQ Summary'!F9 -> 0
